13,1997,None,FALSE,,Total,484
18,1997,None,FALSE,,NASA,105
24,1997,None,FALSE,,Not NASA,379
46,1998,None,FALSE,,Percent sponsored by NASA,22%
52,1997,None,FALSE,,,
161,1995,None,FALSE,,,
199,1998,Pentair Thermal Management / Google / Sequoia Union High School District / Oracle / Qualcomm / Brin Wojcicki Foundation / Intuitive Surgical / Jameco Electronics / Solidworks / SRI International / Carlmont Academic Foundation / Carlmont PTSA & Carlmont High,FALSE,,,
283,1999,Hamilton Automation / TWL Construction / Greenville County Schools / NASA / Lawrence Fabrication / Dixie Rubber / GE / Instron / PPG Inc / SOLIDWorks / Palmetto Graphics / ECPI University & Wade Hampton High & Greenville Senior High Academy & J. L. Mann High Academy & Southside High & Greenville Technical Charter High & Riverside High,TRUE,,,
338,2000,,FALSE,,,
349,2000,,FALSE,,,
351,2000,,FALSE,,,
361,2000,,FALSE,,,
402,2000,,FALSE,,,
463,2000,,FALSE,,,
464,2000,,FALSE,,,
465,2000,,FALSE,,,
466,2000,,FALSE,,,
475,2000,,FALSE,,,
491,2000,"UTC/Sikorsky ,Harding High School, Bullard Havens, Fairfield",FALSE,,,
493,2001,,FALSE,,,
502,2001,,FALSE,,,
508,1997,,FALSE,,,
512,2001,,FALSE,,,
524,2001,,FALSE,,,
551,2001,,FALSE,,,
565,2001,,FALSE,,,
574,2001,,FALSE,,,
583,2001,,FALSE,,,
591,2001,,FALSE,,,
607,2001,,FALSE,,,
609,2001,,FALSE,,,
622,2001,,FALSE,,,
635,2001,,FALSE,,,
641,2001,,FALSE,,,
643,2001,,FALSE,,,
655,2001,,FALSE,,,
659,2001,,FALSE,,,
664,2001,,FALSE,,,
679,2001,,FALSE,,,
685,2001,First Service Realty Int'l & Atlantic Technical Center Magnet High School,FALSE,,,
688,2001,,FALSE,,,
690,2001,,FALSE,,,
700,2001,,FALSE,,,
750,2002,"NASA Stennis Space Center/Valspar/Exxon Oil Corp./Datastar, Inc./Picayune Industrial Supply/Q & G Supply/USM  Physics Dept & Picayune Career & Technology Center",TRUE,,,
755,2002,NASA/Kansas Space Grant Consortium & Washington High School,TRUE,,,
762,2002,"Disney/Metal Essence, Inc. & Lake Brantley High School",FALSE,,,
800,2002,NASA/Oregon Space Grant Consortium & Redmond High School,TRUE,,,
805,2002,NASA /Oregon Space Grant Consortium/Zephyr Engineering & South Salem High School,TRUE,,,
822,2002,Ford Motor Company & Mackenzie High School & Henry Ford High School,FALSE,,,
914,2002,Toronto District School Board/RONA & Ursula Franklin Academy,FALSE,,,
917,2002,Dishon Limited/Toronto District School Board & Lawrence Park Collegiate,FALSE,,,
936,2002,"NASA/Kansas Space Grant Consortium/Osborne Industries, Inc./Don Moore Electric & Osborne High School",TRUE,,,
941,2002,NASA /South Dakota Space Grant Consortium/Lake Area Technical Institute & Watertown High School,TRUE,,,
950,2002,NASA /Nevada Space Grant Consortium & Reed High School,TRUE,,,
962,2002,BBC Industrial Supply CO & Mohave High School,FALSE,,,
976,2002,AB's Welding/Longwood ITTTIP/Virginia Business Education Partnership & Nottoway High School,FALSE,,,
1010,2003,Continental Teves & Brandon High School,FALSE,,,
1016,2003,"Progress Energy/Wellman, Inc./Integrated Systems/Darlington Raceway & Darlington County High Schools",FALSE,,,
1017,2003,GM & Homeschool,FALSE,,,
1030,2003,NASA/American Electric Power & Eastland Career Center,TRUE,,,
1035,2003,Comau Pico & Washington High School,FALSE,,,
1036,2003,McDonald's Restaurants of Canada Limited/Toronto District School Board/Apollo Sheet Metal Contractors Limited/Vaughan Electrcial Supply Co. Ltd & Central Technical School,FALSE,,,
1037,2003,"Ford Motor Company/Warren Industries, Inc./Metalmite Corporation & Stoney Creek High School & Rochester High School",FALSE,,,
1043,2003,Cortec Precision Sheetmetal/Best Buy & Kehillah Jewish High School,FALSE,,,
1045,2003,Manav Enterprises & Mission San Jose High School,FALSE,,,
1046,2003,Palm Desert High School Foundation & Palm Desert High School & Desert Sands Unified School District,FALSE,,,
1055,2003,Newark-In-One & Francis W. Parker School,FALSE,,,
1059,2003,EBA&D & Ethel Walker School,FALSE,,,
1063,2003,Toronto District School Board & Marc Garneau C.I.,FALSE,,,
1064,2003,Milwaukee School Of Engineering/IEEE Milwaukee Section/SME Milwaukee Chapter 4/Pentair Water Treatment/Milwaukee FIRST Support Organization & South Milwaukee High School,FALSE,,,
1067,2003,"NASA/The Boeing Company/Troco, L.L.C. & Saint Louis University High School",TRUE,,,
1081,2003,"Turner Broadcasting System, Inc./National Society of Black Engineers & North Atlanta High School",FALSE,,,
1082,2003,NASA/Nevada Space Grant Consortium & Sparks High School,TRUE,,,
1088,2003,Toronto District School Board/P S P Steel/My Office/Your Office/Integracon/Firestone Tire and Automotive Centre/Keybase Financial Group/Hart-Well Electrical Company Ltd/Civil Underground & Excavation Co./Metal Air Contractors Ltd./Koch Engineering Co. Ltd./Department of Foreign Affairs and International Trade/Home Hardware Dealers of the Greater Toronto Area/OPTECH INCORPORATED/Rotary Club of Scarborough/TD Waterhouse/International Brotherhood of Electrical Workers LU 353/Highland Creek Communit,FALSE,,,
1106,2003,North Dakota Space Grant Consortium/NASA & May-Port C.G. High School,TRUE,,,
1109,2003,Lively District Secondary School,FALSE,,,
1115,2003,NASA & Santa Monica High School,TRUE,,,
1122,2003,NASA Glenn Research Center/GE Consumer Products-Lighting/RTA & Collinwood Computech Senior High School,TRUE,,,
1125,2003,Northrop-Grumman & Rancho Bernardo High School,FALSE,,,
1131,2003,NASA/Mack Truck/Washington County Public Schools & Washington County Technical High School,TRUE,,,
1133,2003,"NASA/Nevada Space Grant Consortium/University of Nevada, Reno & Procter Hug High School",TRUE,,,
1136,2003,NASA/Navair & Mt. Miguel High School,TRUE,,,
1151,2003,Contra Costa College/NASA/The Ed Fund/Tap Plastics/Honda of El Cerrito/TCI Aluminum North & Middle College High School,TRUE,,,
1166,2003,NASA/JCB Inc./US Army Corp of Engineers/Savannah Tech & Groves High School,TRUE,,,
1167,2003,NASA/Armstrong Atlantic State University/Armstrong & Windsor Forest High School,TRUE,,,
1169,2003,University of Alaska-Fairbanks/INRA/NASA/British Petroleum/Goldstream Lions/Met-Life/Gene's Crysler & West Valley High School & Lathrop High School,TRUE,,,
1191,2003,Keystone Oaks High School,FALSE,,,
1201,2003,NASA Stennis Space Center/Southern Tooling and Machine Works & Monroe County Vocational Center,TRUE,,,
1204,2003,NASA & St. Edward High School,TRUE,,,
1206,2003,NASA/Battelle Memorial Institute & Fairview High School,TRUE,,,
1210,2003,"Optimist International/St. Louis Junior Academy of Science ""Science Center"" & Normandy Senior High",FALSE,,,
1215,2003,NASA/East Central Machine Tool Consortium & Four Rivers Career Center,TRUE,,,
1229,2003,Anemia Institute for Research and Education/University of Windsor Faculty of Science/University of Windsor Faculty of Engineering/Centerline (Windsor) Ltd./Synexus Design Group Inc./Accucaps Industries Ltd./Moir KMJ Machinery Movers & Vincent Massey Secondary School Parent Council & Vincent Massey Secondary School Student Council,FALSE,,,
1240,2004,Lincoln High School,FALSE,,,
1260,2004,Cawthra Park,FALSE,,,
1263,2004,Austin High School,FALSE,,,
1275,2004,Havergal College,FALSE,,,
1292,2004,Rothesay Netherwood School,FALSE,,,
1295,2004,Albert & Tammy Latner Foundation/Hinds Family/Loewen & Partners/Pinetree Capital & Royal St. George's College,FALSE,,,
1347,2004,Elmwood School,FALSE,,,
1376,2004,GCPS & South Gwinnett High School,FALSE,,,
1385,2004,University of Waterloo/Research In Motion/University of Waterloo & Waterloo Collegiate,FALSE,,,
1407,2004,"NASA/innovation Plus, Inc. & Apalachee High School",TRUE,,,
1417,2004,"GE Drives & Controls, Inc & Hidden Valley",FALSE,,,
1426,2004,NASA-White Sands Test Facility/New Mexico State University & Lynn Middle School,TRUE,,,
1430,2004,AREA/NASA & West Anchorage High School,TRUE,,,
1435,2004,Pattonville High School,FALSE,,,
1440,2004,NASA & H.V. Jenkins High School,TRUE,,,
1441,2004,Forest Ridge School,FALSE,,,
1455,2004,NASA/ & Eastern & Cheltenham,TRUE,,,
1460,2004,Shell International Exploration,FALSE,,,
1462,2004,School of Cooperative Technical Education,FALSE,,,
1469,2004,NC A&T & Smith,FALSE,,,
1479,2004,HArtman MS,FALSE,,,
1486,2004,Southern Alberta Insititute of Technology & Queen Elizabeth Campus,FALSE,,,
1489,2004,Shuert Industries & Roeper School,FALSE,,,
1497,2004,,FALSE,,,
1500,2005,Tric Tool LTD/Whitson Insulation /Zormot/ITT/Re-Soures Industies/Best Metal Products/North Coast Components/Tas CNC/Randall Tool & Manufacturing/Zatkoff Family Founation/Bond FluidAir Inc & Hudsonville Public   & Jenison Public & Home Schools & Freedom Baptist,FALSE,,,
1508,2005,Ford Motor Company/ArvinMeritor/General Motors & Southwestern HS & Western International HS,FALSE,,,
1509,2005,Convergence Education Foundation/Hayes Lemmerz & Ferndale High School,FALSE,,,
1524,2005,NASA/The Stanley Works & E.C.Goodwin Technical High School,TRUE,,,
1531,2005,APW High School & Mexico High School & Oswego County BOCES & Oswego High School & Pulaski Central High School,FALSE,,,
1556,2005,Glendale College/NASA & James Monroe High School,TRUE,,,
1597,2005,IBM /NASA/Verizon & Bronx Aerospace Academy,TRUE,,,
1603,2005,Escola Tecnica Liberato,FALSE,,,
1611,2005,"Collins Engineers, Inc/JCB, Inc./Temcor/Savannah Technical College & South Effingham High School",FALSE,,,
1621,2005,Eniac HS (Educomp Educacao e Informatica LTDA),FALSE,,,
1645,2005,NASA/Montana Space Grant Consortium/Montana Tech/Pioneer Equipment/Resodyn/Synesis 7 & Butte High School,TRUE,,,
1654,2005,Aalderink Electric Co./NASA & Phoenix High School,TRUE,,,
1722,2006,"ALLFAST Fastening Systems, Inc. / Nelson Nameplate / Kinohi Institute & Flintridge Preparatory School",FALSE,,,
1770,2006,Simeon Career Academy,FALSE,,,
1774,2012,jcpenney/Texas Work Force Commission & Pittsburg High School,FALSE,,,
1826,2006,"NASA / Water Remediation Technology, LLC / Electric Power Training Center & Faith Christian Academy",TRUE,,,
1830,2006,Old Dominion University / Massimo-Zanetta / Coast to Coast Contracting / Norfolk State University  & Booker T Washington High School,FALSE,,,
1838,2006,NASA Idaho Space Grant Consortium/Idaho National Laboratory & Madison High School,TRUE,,,
1839,2006,NASA/Idaho National Laboratory & South Fremont High School,TRUE,,,
1842,2006,Indian River Community College & Port St. Lucie  H.S. & Fort Pierce Westwood H.S. & Morningside Academy & Lincon Park Academy & Fort Pierce Central High School & St. Lucie West Centennial H.S.,FALSE,,,
1845,2006,National Soc. Black Engineers / Teradata Corporation / ITT Technical Institute / Arthur Blank Family Foundation & D. M. Therrell High School,FALSE,,,
1853,2006,Ewing Marion Kauffman Foundation & RUSKIN HIGH SCHOOL,FALSE,,,
1861,2006,LOWE'S / NASA / Quantum / ROBOT Magazine / Image Projections West / Eaton Aerospace / LabJack / Nilar & Smoky Hill High School & Eaglecrest High School & Grandview High School & Gateway High School,TRUE,,,
1882,2006,NASA/SBTI & Howell High School,TRUE,,,
1901,2006,INNO-TECH & St. Marys DCVI,FALSE,,,
1905,2006,Ewing Marion Kauffman Foundation & Alta Vista High School,FALSE,,,
1906,2006,NASA & Roy High School,TRUE,,,
1909,2006,Smith Family Foundation & Parkway Academy of Technology and Health,FALSE,,,
1910,2006,Ewing Marion Kauffman Foundation & Rockhurst High School,FALSE,,,
1911,2006,NASA/Eagle Rider Motorcycle Rental/Triangle Ag-Services & Fort Benton High,TRUE,,,
1913,2006,NASA / Lockheed Martin & Covington High School,TRUE,,,
1917,2006,NASA/Embry-Riddle & Tri City College Prep High School,TRUE,,,
1919,2006,Smith Family Foundation & Monument High School,FALSE,,,
1934,2006,Heart of London,FALSE,,,
1950,2006,James Richardson & Emek Hefer High School,FALSE,,,
1960,2006,NASA & Darby High School,TRUE,,,
1970,2006,Google & East Palo Alto High School,FALSE,,,
1974,2006,Boeing & Weber Tech,FALSE,,,
1975,2006,Akamai Foundation & Fontbonne Academy,FALSE,,,
2011,2007,Ewing Marion Kauffman Foundation & St. Mary's High School Bundschu Memorial,FALSE,,,
2012,2007,North Kansas City Iron & Metal / Tech Gurus / Cummins Tools / Ewing Marion Kauffman Foundation & North Kansas City High School,FALSE,,,
2024,2007,Hawaii Space Grant Consortium/Caltech submillimeter Telescope & Waiakea High School,FALSE,,,
2030,2007,Ewing Marion Kauffman Foundation & Westport High School,FALSE,,,
2042,2007,NASA/Canyon Engineering/Electrorack Enclosure Products/Numatics Engineering & Academy of the Canyons Middle College High School,TRUE,,,
2044,2007,BAE Systems / Applied Information Management (AIM) Institute / Nebraska Advanced Manufacturing Coalition / Booz Allen Hamilton & Papillion LaVista High Schools,FALSE,,,
2045,2007,Wynne Engineering & Metro Technology Centers,FALSE,,,
2065,2007,NASA / Mississippi Space Grant consortium & H W. Byers High School,TRUE,,,
2071,2007,Idaho National Laboratory / Idaho State University-GK-12 / Glock INc & Marsh Valley High School,FALSE,,,
2095,2007,the Episcopal Academy,FALSE,,,
2100,2007,"Tropicana Products Inc. / Citibank, N.A. / C&L Technologies / Ross Mixing, Inc. / Ed's Painting and Paperhanging & St. Lucie West Centennial High School",FALSE,,,
2110,2007,"Smith Family Foundation/Karl Marks, Individual Contributor/ThingMagic Inc. & Charlestown High School",FALSE,,,
2120,2007,Doncaster Aimhigher high school,FALSE,,,
2125,2007,Smith Family Foundation & Urban Science Academy High School,FALSE,,,
2126,2007,Smith Family Foundation of Boston & Boston Community Leadership Academy,FALSE,,,
2132,2007,NASA/Maryland Space Grant Consortium/Morgan State University/NASA & Mergenthaler Vocational Technical High School,TRUE,,,
2140,2007,Novartis Pharmaceuticals / ADP Foundation / The Hilliard House & Pemberton Township High School,FALSE,,,
2154,2007,William Moreno Jr High School,FALSE,,,
2176,2007,NASA & Starkville Academy,TRUE,,,
2182,2007,Chalmette Refining/NASA & St. Tammany Parish Public Schools & Slidell High School,TRUE,,,
2189,2007,NASA/Chicano And Latino Engineers and Scientist Society (CALESS)/Society of Mexican American Engineers and Scientists (MAES) & Woodland and Pioneer High School,TRUE,,,
2210,2007,FIRST Israel & Yarka High School,FALSE,,,
2237,2007,Beckley Area Foundation / American Electric Power / Ralph A. Hiller Company / 80-20.net / Cogar Mine Supply / State Electric / Meadows Machining / Brea Signs / Precision Electric Inc. / ESI .INC / Kevin's Electronics & Academy of Careers and Technology,FALSE,,,
2243,2007,Fundação Bradesco Campinas Fundação Bradesco,FALSE,,,
2244,2007,Fundação Bradesco Osasco I Fundação Bradesco,FALSE,,,
2247,2007,Fundação Bradesco Gravataí Fundação Bradesco,FALSE,,,
2249,2007,Pacific Steele / Apex Manufactoring Services Ltd & Billings West High School,FALSE,,,
2254,2007,Nelvana / Atomic Energy Canada Ltd. / International Dairy & John Fraser Secondary High Schools,FALSE,,,
2257,2007,Sacta Rashi Foundation & Afula High School,FALSE,,,
2273,2007,Honda Canada Inc. / Future Shop / Kodak Graphic Communications Canada Company & School District 36 Surrey,FALSE,,,
2274,2007,"Larry Ackman / Bloomberg / Credit Suisse & Fordham Leadership, Roosevelt Campus High School",FALSE,,,
2280,2007,YWCA of Greater Pittsburgh,FALSE,,,
2287,2007,"HOUSTON ROBOTICS / Bezos Foundation / AEP, Texas & Sinton High School",FALSE,,,
2330,2008,AEP / Oklahoma State Department of Education / First National Bank of Fletcher / Shiflett Transport Service / J Adams Multimedia Productions & Fletcher High School,FALSE,,,
2332,2008,Oklahoma State Department of Education/Dr. Ray Booker & Fairview High School,FALSE,,,
2350,2008,"America Electric Power Authority, Independence High school, Walnut Ridge High School, and Eastmoor Academy",FALSE,,,
2362,2008,"Charlotte Mechanical, LLC/General Dynamics Armament and Technical Products/Celgard, LLC/CPI Security Systems & School of Math, Engineering, Technology, and Science at Olympic High School",FALSE,,,
2366,2008,Heartland Fabrication & Machine / Black & Veatch / ATK (Alliant Techsystems) / Ewing Marion Kauffman Foundation & Fort Osage High School,FALSE,,,
2381,2008,After School Matters and Motorola & The Ark of St. Sabina,FALSE,,,
2387,2008,Columbus City Schools & Columbus Alternative High School,FALSE,,,
2400,2008,NASA / Rio Tinto Energy America / Spring Creek Coal Mine / Pearl Development / Woming Space Grant Consortium / Anita Pinkham / LeRoy Family Dental Clinic / Powder River Power Company of Sheridan / Vista West Engineering / Connie's Glass / Knechts Ace Hardware / Craftco Metal Services Inc / Sheridan Winnelson / Sheridan Tent and Awning / King's Saddlery / ABC Signs / Bloedorn Lumber & Sheridan High School,TRUE,,,
2401,2008,nasa & north dakota space grant/hardware hank/fugleberg  seed and bean & May-Port C.G. High School,TRUE,,,
2406,2008,"Verde Valley Robotics, Inc. & Camp Verde Unified School District",FALSE,,,
2407,2008,BAE Systems & Leetonia Schools,FALSE,,,
2413,2008,Maryvale High School,FALSE,,,
2422,2008,NASA/Walt Disney World Company & Ridge Community High School,TRUE,,,
2431,2008,BAE Systems/Ford Motor & Detroit Northwestern HS and STEM,FALSE,,,
2433,2008,After School Matters and Motorola & Austin Polytech Academy High School,FALSE,,,
2436,2008,Noble Hardware / Country Wide Realty / Noble First State Bank / MSC Industrial Supply Co / Oklahoma State Department of Education & Noble Public Schools,FALSE,,,
2447,2008,Phoenix Masonic Lodge & South Shore Vo-Tech High School,FALSE,,,
2454,2008,BAE SYSTEMS/NASA & Radford High School,TRUE,,,
2469,2008,Idabel Foundation for Academic Excellence/NASA/Oklahoma State Department of Education/Sporos Computers & Idabel High School,TRUE,,,
2476,2008,Sewanhaka High School,FALSE,,,
2488,2008,BAE Systems/Medtronic & Studio Academy High School,FALSE,,,
2490,2008,Boeing & Chicago Hope Academy High School,FALSE,,,
2510,2008,University of Minnesota -Twin Cities - & Albrook School & Cloquet School District & fond du lac ojibwe school,FALSE,,,
2524,2008,"UTI, NASCAR & GATEWAY & Roosevelt High School-YPS",FALSE,,,
2533,2008,NASA / EPIR & Juarez High School,TRUE,,,
2569,2008,BAE Systems/PRIOR/Polytechnic University of P.R. & Central de Artes Visuales High School,FALSE,,,
2597,2008,TRICE/Greater Texas Foundation & Sterling High School,FALSE,,,
2624,2008,The University of Toronto -- Engineering Faculty & The Bishop Strachan School,FALSE,,,
2629,2008,"MAC, S.A./Estado de Queretaro/Municipio de Queretaro/UVM-Campus Queretaro/CONCYTEQ & COLEGIO ALAMOS HIGH SCHOOL",FALSE,,,
2644,2008,North Catholic High School,FALSE,,,
2650,2008,Atid Elahleya High School,FALSE,,,
2664,2008,"CSTEM,National Academy Foundation, &NACME & Chavez High School",FALSE,,,
2681,2008,Credit Suisse/The Bezos Family Foundation & George Westinghouse High School,FALSE,,,
2682,2008,Potash Corp. Aurora / Hospira / United Therapeutics / Weyerhauser / Allen Family / Huo Family / The Lindbeck Family & South Central High,FALSE,,,
2719,2009,SRT & Monroe High School,FALSE,,,
2739,2009,NASA/JC Penny Afterschool Program/Judson University/National 4-H Council/Honeywell/University of Illinois Kane County Extension & Bucket of Bolts 4-H Group,TRUE,,,
2753,2009,NASA/Umicore/Colonial Metals/Evonik Industries/Healthcare Facilities Management Society of New Jersey/Firestop Solutions & Teen Technology,TRUE,,,
2759,2009,"NASA/OSU College of Engineering, Architecture & Technology & Stillwater High School",TRUE,,,
2779,2009,Baker Hughes-Centrilift / American Airlines / RCB Bank / NGC Industries Inc. / Websites by Leslie / Pizza Time / Club Gatz / Pizza Hut / NASA & Claremore Public Schools,TRUE,,,
2835,2009,NASA & Liberty High School,TRUE,,,
2842,2009,Boeing & Rock Creek Schools,FALSE,,,
2862,2009,Westhill High School,FALSE,,,
2892,2009,NASA/IEEE & Rosemont High School,TRUE,,,
2901,2009,Maplewood High School,FALSE,,,
2904,2009,Boeing & Sky Valley Education Center High School,FALSE,,,
2913,2009,Boeing/SRT/Booz Allen Hamilton/JEF Inc & Eastern High School,FALSE,,,
2921,2009,Boeing & Henry Foss High School,FALSE,,,
2924,2009,Boeing / OSPI Washington / Bezos Family Foundation / Port Ludlow Community Enrichment Alliance & Chimacum High School,FALSE,,,
2932,2009,NASA/Pearl Harbor Naval Shipyard/BAE Systems & Mid-Pacific Institute,TRUE,,,
2934,2009,CSTEM & 9th Grade College Preparatory Academy and Sam Houston MSTC,FALSE,,,
2946,2009,GE Volunteers of GE Healthcare/Medical College of Wisconsin & Milwaukee Academy of Science High School,FALSE,,,
2951,2009,NASA/Boeing & Benson Tech High School,TRUE,,,
2991,2009,Eastwood Academy High School,FALSE,,,
3025,2009,United Launch Alliance / General Electric / BASF / EFP Corporation / Decatur City Schools Foundation / NASA / AUVSI & Decatur High School Austin High School Robotic Coalition,TRUE,,,
3032,2009,jcpenney & Centro de Excelencia Master,FALSE,,,
3076,2009,Motorola & Ort Arad High School,FALSE,,,
3086,2009,Ituran / Shamir Optical Industry Ltd. & Broncoweiss High School,FALSE,,,
3089,2009,subaru & The Hebrew Reali High School,FALSE,,,
3093,2009,Boeing & Monroe High School,FALSE,,,
3107,2009,Boeing & Tilden Career Community Academy High School,FALSE,,,
3109,2009,Medtronic Inc. & Grizzlies Academy,FALSE,,,
3112,2009,Con Edison / Bloomberg / SRT & Gateway High Parent association & Gateway School for Environmental Research & Technology High School,FALSE,,,
3114,2009,"SRT / AT&T & Glenn W. Levey High School Outreach 25300 West Nine Mile Road, Southfield MI  48033",FALSE,,,
3119,2009,SRT/AT&T & Crockett Technical High School & Detroit Public Schools District,FALSE,,,
3125,2010,"Gerber Technology, Inc./United Technologies Corporation/Capitol Region Education Council/AT&T & Greater Hartford Academy of Math and Science",FALSE,,,
3126,2010,NASA/The Marie Le Doux Foundation/BAE Systems/Elbit Systems/Willis Optomech/Vaupell/Local Supporters & Safford Robotics Group,TRUE,,,
3129,2010,JCPenney & 4-H University of California,FALSE,,,
3141,2010,UTC & Oliver Wolcott Technical High School,FALSE,,,
3143,2010,BAE Systems/jcpenney & Norfolk Technical Center,FALSE,,,
3148,2010,PTC & Boston Latin Academy,FALSE,,,
3149,2010,"NASA/jcpenney/Black Cypress, Inc./Mosaic Co./DEC Metals & McKeel Academy of Technology",TRUE,,,
3154,2010,NASA/jcpenney/Baltimore Area Alliance (BAA) & Loch Raven High School,TRUE,,,
3155,2010,Southwest Career Technical Academy,FALSE,,,
3165,2010,MJ Murdock/ADEC/Plan Z Development Studios/HDR/Climax/Burgerville/A.R.E. & Newberg High School Industry and Engineering,FALSE,,,
3166,2010,U.I.S. / Sinclair Oil & the Waterford School,FALSE,,,
3194,2010,NASA/jcpenney & Tucson High Magnet School,TRUE,,,
3195,2010,"BAE Systems/Qualcomm/Pro Specialties Group, Inc./Balboa International Market & Helix Charter High School",FALSE,,,
3213,2010,NASA/Washington State OSPI/Tacoma Metal & Tacoma Schools CTE & Mt.Tahoma High School,TRUE,,,
3214,2010,"Smith & Nephew, Inc./jcpenney & Fairley High School",FALSE,,,
3231,2010,SRT & Pioneer Academy of Science,FALSE,,,
3233,2010,NASA / City of Satellite Beach / Harris Foundation / Lowes of Indian Harbor Beach / VectorDragon.com / United Therapeutics Corporation  / Rick Chiarullo LLC & Neighborhood Group & Neighborhood Group,TRUE,,,
3246,2010,NASA / Barrick Ruby Hills Mine / General Moly / Mt Wheeler Power & Eureka County High School,TRUE,,,
3263,2010,"ICC Engineering/Pentair Foundation/Medtronic, Inc. & Greenway High School",FALSE,,,
3271,2010,NASA/Amgen/Haas Automation/jcpenney/Ventura College & Foothill Technology High School,TRUE,,,
3273,2010,SRT/Springfield Technical Community College/Western New England College/JCPenney & High School of Science and Technology,FALSE,,,
3311,2010,NASA/Platt Electric/Dreyer Insurance Agency & Klamath Basin Robotics,TRUE,,,
3332,2010,Mainstream Engineering/NASA & Central Catholic High School & Palm Bay Municipal Charter High School,TRUE,,,
3343,2010,Harmony Science Academy-Laredo,FALSE,,,
3362,2010,GE Volunteers of GE Healthcare & Northwest Secondary School,FALSE,,,
3371,2010,Bosch Rexroth & J. Harley Bonds Career Center & Greenville County Schools,FALSE,,,
3378,2010,SRT & Ort Dati Beit Shean,FALSE,,,
3383,2010,SRT & makif omer,FALSE,,,
3384,2010,Greater Texas Foundation & Sunset HIgh School,FALSE,,,
3401,2010,"Jervis B. Webb Company/Advanced Data Research Florida, Inc & Orchard Lake St. Mary's",FALSE,,,
3404,2010,jcpenney & Howard High school,FALSE,,,
3416,2010,Boeing / PTC & Youth Connection Leadership Academy,FALSE,,,
3456,2011,MJ Murdock Charitable Trust / NASA / jcpenney & Pocatello Chubbuck School District,TRUE,,,
3463,2011,NASA & Salina Public School,TRUE,,,
3471,2011,NASA/Gray & Company/jcpenney/Grip Smart/Intralox & Thomas Jefferson High School,TRUE,,,
3474,2011,Shinnecock ACE Hardware & Hampton Bays High School,FALSE,,,
3505,2011,jcpenney/Sergey Brin-Ann Wojcicki Foundation/Pasco/Sierra College/Kodiak Roofing/Western Placer Education Foundation/GenCorp Foundation/Kram Endeavors & Western Placer Unified School District & Lincoln High School Robotics Team,FALSE,,,
3508,2011,Swepco/Texas Workorce Comission/Priefert Industies & Pittsburg High School,FALSE,,,
3517,2011,The Boeing Company/Yesco Custom Electric Sign Company/Rhino Caffe/Russ' True Value/ASME/Magma Engineering/Platt Electric/AZFIRST/Queen Creek Library & South East Valley Engineering and Robotics E-nitiative & American Leadership Academy & Combs High School & Queen Creek High School,FALSE,,,
3519,2011,jcpenney & Hannibal High School,FALSE,,,
3520,2011,jcpenney & Coral Springs High School,FALSE,,,
3531,2011,Future Electronics/McGill University/Youth Fusion & English Montreal School Board & James Lyng High School,FALSE,,,
3540,2011,Iredell Statesville School District / NASA / JTS SOLUTIONS / Dixon Engineering / Brawley School hardware / Society of Manufacturing Engineers / ITT-Tech / Duke Energy & Lake Norman High School,TRUE,,,
3553,2011,SRT / Boeing / PNC Bank / Comcast / Zivtech LLC & South Philadelphia High School,FALSE,,,
3558,2011,The Boeing Company/jcpenney & Boys & Girls Club-FBR Branch,FALSE,,,
3569,2011,jcpenney / The Sergey Brin-Anne Wojcicki Foundation / Postal Annex / Mid Valley Builders / DeVry University & Hoover High School,FALSE,,,
3580,2011,NASA/jcpenney & Mariner High School,TRUE,,,
3583,2011,Communities foundation of Texas- Texas High School project./Time Warner cable & IDEA San Juan College Preparatory,FALSE,,,
3595,2011,The Boeing Company/jcpenney & Octagon Robotics,FALSE,,,
3599,2011,jcpenney/South Carolina State Department of Education/Pender Brothers/Port Royal Landing Marina/Parker-Hannifin & Battery Creek High School,FALSE,,,
3601,2011,TRW / ALDI Inc. / PTC / jcpenney & Webberville Community Schools,FALSE,,,
3605,2011,jcpenney & Edsel Ford High School,FALSE,,,
3613,2011,NASA/jcpenney & Olympia HS,TRUE,,,
3642,2011,"AGCO Corporation, Jackson Operations / NASA / Remick Foundation / jcpenney / Federated Rural Electric, Jackson / Schwalbach ACE Hardware #3896 / CountyWide Real Estate & Jackson County Central",TRUE,,,
3645,2011,NASA/jcpenney & Forest Hills High School,TRUE,,,
3657,2011,jcpenney & Lincoln High School,FALSE,,,
3677,2011,jcpenney & El Rancho High School,FALSE,,,
3697,2011,Big Tex Trailers / Texas Workforce Commission / Texas High School Project Fund of the Communities Foundation of Texas & Chapel Hill High School,FALSE,,,
3717,2011,Bishop-Wisecarver/jcpenney & Middle College High School,FALSE,,,
3733,2011,jcpenney & Bowie High School,FALSE,,,
3762,2011,jcpenney/Texas Work Force/Houston First/Rudolph Medical Associates & Stafford HS Robotics Club,FALSE,,,
3766,2011,SRT & ort-klali bet-shean,FALSE,,,
3768,2011,jcpenney & Bradford Academy,FALSE,,,
3769,2011,Detroit Science Center/University of Michigan/jcpenney & University Prep Science and Math High School,FALSE,,,
3772,2011,jcpenney & Dickinson Iron Tech Education Center,FALSE,,,
3774,2011,Ramat Hasharon's municapality / New Vision Media / Glil-Gum / Pitango / SRT & Yigal Alon,FALSE,,,
3775,2011,SRT & school & NOFARIM BAGALIL- TIBERYA,FALSE,,,
3776,2011,NASA / jcpenney / Lockheed Martin / Southern Polytechnic University & Woodland High School,TRUE,,,
3791,2011,"jcpenney & Academy of Technology, Engineering, Math and Science",FALSE,,,
3795,2011,NASA / Greater Texas Foundation / Dallas Mavericks / Gordon Law Firm / Fuzzy's Taco Shop / Purser Hardwood Floors / Garland Nut & Screw / ExaTorq Tuning and Performance & Garland High School Robotics Team,TRUE,,,
3806,2011,Prescott High School,FALSE,,,
3823,2011,Houston Endowment/Houston Community College & North Houston Early College H.S.,FALSE,,,
3825,2011,jcpenney & Washington State 4-H,FALSE,,,
3837,2011,BAE Systems & King Kekaulike High School,FALSE,,,
3841,2011,Microchip/Xerox/Mentor Graphics/Platt Electric/Murdock Trust/Autodesk/National Instrument & Reynolds High School,FALSE,,,
3858,2011,NASA Marshall Space Flight Center/Saint Louis Science Center/U-Gas/jcpenney & Saint Louis Science Center's Youth Exploring Science (YES) Program,TRUE,,,
3867,2011,University of Texas Dallas-SOM/Greater Texas Foundation/Lockheed Martin/Verizon/Richland College/University of Texas Dallas-ECS/UTD/VerbaCom/Texas Work Force Commission & Academic Excellence,FALSE,,,
3870,2011,jcpenney & Broadway High School,FALSE,,,
3879,2011,Kihei Charter School,FALSE,,,
3934,2012,NASA/Spirit Automation/Spectrum CNC Technologies/jcpenney & Eleanor Roosevelt High School,TRUE,,,
3938,2012,NASA/jcpenney & AAA-SAS,TRUE,,,
3942,2012,NASA/jcpenney/Arkansas FIRST & North Arkansas College,TRUE,,,
3943,2012,PYMA / DEACERO / FESTO & Oxford High School,FALSE,,,
3963,2012,jcpenney/GE Volunteers of GE Healthcare & James Madison Academic Campus,FALSE,,,
3983,2012,Bombardier Aéronautique Inc./Concordia University/Future Electronics/Bechtel/Robotique FIRST Québec/Youth Fusion & Beurling Academy (Lester B. Pearson SB),FALSE,,,
3995,2012,SRT / Outback MFG / Redmond Proficiency Academy / NW UAV / Platt Electric / Slayden Construction / Network 911 / Valley Machine / Kawak Aviation / The Social Business & 4H,FALSE,,,
4000,2012,jcpenney/Texas Workforce Commission & WB Ray High School,FALSE,,,
4016,2012,"ABTech/jcpenney/Medlock & Associates Engineering, PA/ERC Broadband/Zen Sushi/Meet the Geeks/Mark Sherwood & Asheville-Buncombe Robotics Group",FALSE,,,
4029,2012,jcpenney/will.i.am & Huntington Park High School,FALSE,,,
4036,2012,NASA & Southwest Career and Technical Academy,TRUE,,,
4037,2012,NASA/ArkansasFIRST/jcpenney/National Park Community College/Mid South Engineering & Lakeside High School,TRUE,,,
4044,2012,"Sterling Tool, Inc. / Witco, Inc. / Comau Inc. / Kroger's / SRT / Keihin Michigan Manufacturing / Detroit Tigers, Inc., / NDIA / Peerless Steel / New-Cor / Hard Milling Solutions / K.B.C. Tools / Tri-Tool Boring / Doodling Outback Embroidery / Champion Steel, Inc. & SCREAMIN' EAGLES K-12 FIRST Robotics  group",FALSE,,,
4046,2012,Millennium Hollywood / NASA / Hollywood Studio District Neighborhood Council / East Hollywood Neighborhood Council & Helen Bernstein Complex,TRUE,,,
4052,2012,NASA/Vision Ace Hardware/jcpenney & South Fort Myers High School,TRUE,,,
4058,2012,NASA/jcpenney/AndyMark & Union County High School,TRUE,,,
4066,2012,jcpenney & South Lake High School,FALSE,,,
4071,2012,National Grid / Syracuse City School District-Institute of Technology at Syracuse Central / jcpenney & Institute of Technology at Syracuse Central,FALSE,,,
4081,2012,Communities In Schools of East Chicago/Indiana 21st Century Community Learning Centers Program/Indiana Afterschool Network/Arcelor-Mittal Steel & East Chicago Central High School,FALSE,,,
4086,2012,jcpenney & Boy Scouts of America Snake River Council & Canyon Ridge High School & Twin Falls High School & Twin Falls County 4-H,FALSE,,,
4088,2012,NASA/Florida Power & Light & Boys & Girls Club of Charlotte County,TRUE,,,
4113,2012,jcpenney & International High School,FALSE,,,
4124,2012,NASA/Clarkson University/jcpenney & Massena High School,TRUE,,,
4136,2012,NASA/jcpenney & Lake Area New Tech Early College High School,TRUE,,,
4138,2012,jcpenney/Texas Workforce Commission & Carrigan Career Center,FALSE,,,
4184,2012,jcpenney & Naples High School,FALSE,,,
4197,2012,jcpenney & Lacoochee Boys & Girls Club,FALSE,,,
4200,2012,Mellon Electrical & Instrumentation Contractors & St Christopher Secondary,FALSE,,,
4202,2012,jcpenney & Bella Vista College Preparatory School,FALSE,,,
4210,2012,jcpenney / Shultz Steel Company / USC / Mel Guy Industrial Sheet Metal & South East High School,FALSE,,,
4223,2012,jcpenney & Central Florida Aerospace Academy,FALSE,,,
4228,2012,GFW High School,FALSE,,,
4250,2012,Cam Tran / Cameco / GM Canada / Kawartha Pine Ridge Board of Ed & Cobourg District Collegiate Institute East,FALSE,,,
4254,2012,jcpenney & Saratoga Springs City School District,FALSE,,,
4259,2012,jcpenney/Texas Workforce Commision & Nacogdoches High School,FALSE,,,
4261,2012,NDEP/jcpenney & academic magnet,FALSE,,,
4271,2012,jcpenney/Texas Workforce Commission & John H. Reagan Early College High School,FALSE,,,
4279,2012,NASA / DCS / Cincinnati Mine Machinery / Cincinnati Milacron / LaserSmith / Ericsson & Holy Family Catholic Home Educators,TRUE,,,
4282,2012,jcpenney/Texas Workforce Commission & Gladys Porter High School,FALSE,,,
4294,2012,Autodesk / Siemens / General Motors LLC / MSUFCU / Holt Rotary Club / Creative Synergies Group / ZAP! Creative Services / Martin Thomas Builders / FIRST & The Early College @ Lansing Community College,FALSE,,,
4317,2012,Texas Workforce Commission/jcpenney/Bell Helicopter & Advanced Technology Complex,FALSE,,,
4321,2012,jcpenney/Comcast & Raines High School,FALSE,,,
4324,2012,jcpenney & Heartland Technical Academy 4H,FALSE,,,
4341,2012,jcpenney/Mosaic Co. & Mulberry Senior High School,FALSE,,,
4344,2012,Salt Lake Center for Science Education,FALSE,,,
4345,2012,Phineas Banning High School,FALSE,,,
4351,2012,Texas Workforce Commission/jcpenney/Raytheon & McKinney Boyd High School,FALSE,,,
4357,2012,Xerox Canada/Cameco & Port Hope HS & Public Library,FALSE,,,
4359,2012,jcpenney & McKinney North High School,FALSE,,,
4366,2012,General Electric Mexico / The Home Depot Mexico / Volaris / Legal Tracking & American School Foundation,FALSE,,,
4372,2012,Com Dev International/Research in Motion & PRDG High School,FALSE,,,
4374,2012,NDEP/Robotics Organizing Committee & Roosevelt High School,FALSE,,,
4385,2012,"jcpenney & Williams County Family YMCA ... ""The Bryan Automatons""",FALSE,,,
4387,2012,jcpenney & Sterling High 4-H Organization,FALSE,,,
4389,2012,NDEP/SRT & West Michigan Virtual Academy,FALSE,,,
4402,2012,The Boeing Company/jcpenney & South Central Career Center,FALSE,,,
4410,2012,jcpenney & Ralph C. Mahar Regional,FALSE,,,
4413,2012,Campbell Hall School & Campbell Hall School,FALSE,,,
4457,2013,Boeing / Microchip / PGE / ODE & ACE Academy,FALSE,,,
4483,2013,Kellogg Community College/Shupan and Sons & BATTLE CREEK CENTRAL HIGH SCHOOL,FALSE,,,
4487,2013,"NASA & Oologah-Talala High School, Oklahoma Department of Education, NASA",TRUE,,,
4489,2013,South-Doyle High School,FALSE,,,
4492,2013,"Enerkem / Fonds Tillotson / Robotique FIRST Québec / Commission Scolaire des Hauts-Cantons / Université de Sherbrooke / Liebherr / Cabico / Codet-Big Bill / Freepilot.ca / IGA Coaticook / Les Entreprises Forestieres V. Labranche inc. / MRC de Coaticook / Caisses Populaires Desjardins des Verts Sommets de l'Estrie / SADC / Réjean Hébert, député provincial / Fondation La Frontalière / Waterville Bois Ouvrés / Équipement Luke Bélanger / Jean Rousseau, député fédéral / Halte des Pèlerins / Coop de C",FALSE,,,
4532,2013,AndyMark/Arkansas FIRST/Sarah Parsons Photography/Las Palmas Mexican Restaurant & LISA Academy-NLR,FALSE,,,
4535,2013,Arkansas FIRST & Pulaski Academy High School,FALSE,,,
4545,2013,"Tindley Accelerated Schools / Interactive Intelligence Foundation (IIF) / Rolls Royce / AMG Engineering & Machining, Inc. / LYN-HILS CLEANING SERVICE INC. / Earl Martin Phalen & Tindley Accelerated Schools- Arlington High School",FALSE,,,
4551,2013,NASA / Illinois Tech Robotics / Armour Chapter of Triangle Fraternity / FRC Team 2903: The Neo Bots & Neighborhood Group,TRUE,,,
4556,2013,NASA & River Springs Charter School,TRUE,,,
4559,2013,DigiPen Institute of Technology & WaNIC & L & E Academy,FALSE,,,
4566,2013,Teradata/Shaheen & Company/T&G Controls & Collins Hill Robotics,FALSE,,,
4578,2013,Westchester Senior High,FALSE,,,
4581,2013,NASA/Raytheon YESNET/Comcast & Rangeview High School,TRUE,,,
4584,2013,INSTITUTO EDUCATIVO DEL NOROESTE A.C.,FALSE,,,
4613,2013,AARNet / Innovation First International & Barker College,FALSE,,,
4614,2013,Macquarie University/FIRST Team 3132 & St Marys Senior High School,FALSE,,,
4617,2013,RBC Phillips Hager and North & Family Friends & WE FIRST & Family Friends,FALSE,,,
4650,2013,Whitestone Capital & Newark Vocational High School,FALSE,,,
4651,2013,NASA & Dover-Eyota,TRUE,,,
4652,2013,Goldendale High School,FALSE,,,
4667,2013,TecMilenio Campus Cuernavaca,FALSE,,,
4673,2013,Honeywell Aerospace Systems Laboratory Company / Fundación Azteca / Mexicana Logistics / Accuride International & CBTIS 21 & CETYS PREPARATORIA,FALSE,,,
4675,2013,jcpenney/NASA & North Olmsted High School,TRUE,,,
4688,2013,Fiat Chrysler Automobiles (FCA) / Toldo Foundation / Centerline Windsor Ltd. & St. Anne's Catholic High School,FALSE,,,
4690,2013,Science IUPUI/Rolls-Royce/TechPoint Foundation for Youth & BOYS & GIRLS CLUBS INDIANAPOLIS,FALSE,,,
4695,2013,2014 FRC Hardship Grant & Chowchilla Union High School,FALSE,,,
4703,2013,"University of Minnesota/APQ Engineering, Inc & MENAHGA SECONDARY",FALSE,,,
4705,2013,Henry J. Kaiser High School,FALSE,,,
4708,2013,Geon Hayarden,FALSE,,,
4724,2013,Shaked,FALSE,,,
4727,2013,Carleton University School of Engineering and Design & St. Francis Xavier High School,FALSE,,,
4729,2013,University of NSW & University of NSW,FALSE,,,
4739,2013,Sentral & Normanhurst boys high school & Normanhurst boys high,FALSE,,,
4742,2013,EISAC,FALSE,,,
4745,2013,Little Maumelle Waste Water / 2015 FRC Hardship Grant & E-STEM PUBLIC CHARTER HIGH SCHOOL,FALSE,,,
4747,2013,Texas Workforce Commission / Bezos Foundation / FIRST in Texas & Home School,FALSE,,,
4751,2013,jcpenney & Henry Wise Wood,FALSE,,,
4754,2013,St. Benedict High School,FALSE,,,
4772,2013,Boeing / Harbor Freight / Calmac Mfg. Corp / jcpenney & Opportunity Skyway,FALSE,,,
4781,2013,Connersville Sr High School,FALSE,,,
4788,2013,"Curtin University / Government of Western Australia, Department of Education, School Pathways Program & Curtin University",FALSE,,,
4789,2013,jcpenney & Martin Van Buren,FALSE,,,
4793,2013,Robotics Institute of Maine / 2014 FRC Hardship Grant & Old Orchard Beach High School,FALSE,,,
4797,2013,Con Edison & William Cullen Bryant HS,FALSE,,,
4807,2013,YCDSB & Jean Vanier Catholic High School,FALSE,,,
4820,2013,Instituto Tecnológico y de Estudios Superiores de Monterrey,FALSE,,,
4832,2013,jcpenney & GearUp,FALSE,,,
4833,2013,Disney / LEIDOS / FIRST Robotics & Timber Creek High School,FALSE,,,
4838,2013,GM Foundation Grant/Bosch Corp. & River Rouge High School,FALSE,,,
4853,2013,Wildcat 4H Club,FALSE,,,
4928,2014,Manor Hall International School,FALSE,,,
4953,2014,"Shenzhen Second Senior High School & Shenzhen DADALELE Culture Communication Co., LTD",FALSE,,,
4962,2014,Honeywell / SolidWorks / 3D Systems / Coca-Cola Company / Employees of Microchip / David Ford & METRO TECH HIGH SCHOOL,FALSE,,,
4977,2014,"DEACERO S.A.P. I. de C.V. / Museo del Acero, A.C., horno3 / MD Branding / CIMR / Arehin / Sumitomo / Usaria / Doter / Tacos Chema / ifm / Durosa / Fusion Grafica / Borda Imagen Digital, BID & Museo del Acero A.C., horno3",FALSE,,,
4989,2014,Shelby County Schools & SOUTHWIND HIGH SCHOOL,FALSE,,,
4993,2014,New Century Academy,FALSE,,,
4995,2014,Paradise Area Community Foundation / State of Michigan / Argosy / 2016 FRC® Hardship Grant & Whitefish Township School,FALSE,,,
4996,2014,2014 FRC Rookie Grant / SAME (Society of American Military Engineers) & RICHLANDS HIGH,FALSE,,,
5035,2014,Union Gas Limited/Canador College/Nipissing First Nation & Nbisiing Secondary School & Nbisiing Secondary Shool,FALSE,,,
5040,2014,Shelby County Schools & BOLTON HIGH SCHOOL & BOLTON HIGH SCHOOL,FALSE,,,
5051,2014,Fast Eddie Community Robotics  / 2014 FRC Rookie Grant / 2015 FRC Hardship Grant / Baagwating Community Group / Township of Scugog / Signworks Canada / Tutorwiz Education Centre / The Bagg Group / Radioactive Hotspot / Molly Maid / Maximum Signs / Loctite / CARBODSKI & Neighborhood Group,FALSE,,,
5073,2014,Michigan Department of Education/2014 FRC Rookie Grant/Team 1025 & WINANS ACADEMY HIGH SCHOOL,FALSE,,,
5075,2014,Science Foundation Arizona / Cochise Robotics Foundations & TOMBSTONE HIGH SCHOOL,FALSE,,,
5080,2014,Boeing & DICKINSON (JOHN) HIGH SCHOOL,FALSE,,,
5087,2014,Marsden High School,FALSE,,,
5101,2014,Resolution Copper Company/Free Fort McMorran  & San Carlos Secondary & San Carlos Unified School District #20 Alternative,FALSE,,,
5107,2014,Bill's Furniture Factory & UPLAND HIGH,FALSE,,,
5133,2014,ITESM,FALSE,,,
5140,2014,Mother Margaret Mary High School/2014 FRC Rookie Grant & Mother Margaret Mary Hatholic High School,FALSE,,,
5151,2014,JANE ADDAMS HIGH SCHOOL FOR ACADEMIC CAREERS,FALSE,,,
5157,2014,St. Charles College,FALSE,,,
5164,2014,Bishop Alexander Carter C.S.S.,FALSE,,,
5189,2014,Sumner Academy of Arts & Science,FALSE,,,
5191,2014,Lasalle Secondary School,FALSE,,,
5195,2014,2015 FRC Hardship Grant & WYNNE HIGH SCHOOL,FALSE,,,
5197,2014,Ford Motor Company / DADARA / MEZ  / 2016 FRC Hardship Grant & Home School & Northwestern High School,FALSE,,,
5218,2014,Science Foundation Arizona & CIBOLA HIGH SCHOOL,FALSE,,,
5219,2014,"Guided Systems Technologies / D & A Transportation / Whitetail Machinist & Future Seekers, Inc.",FALSE,,,
5223,2014,"Hillman Gearheads  / A&M Metalworks, LLC / Moran Iron Works, Inc / Silver Maple Custom Machining / Bernard Building Center: Hillman  / Fochman Carquest, Hillman & HILLMAN COMMUNITY JR/SR HIGH SCHOOL",FALSE,,,
5233,2014,COLUMBIA CENTRAL HIGH SCHOOL,FALSE,,,
5249,2014,GE Volunteers of GE Healthcare & REVERE HIGH SCHOOL,FALSE,,,
5252,2014,WAY Academy,FALSE,,,
5259,2014,AndyMark  Inc / Jacksonville Education Foundation / FIRST / Jacksonville High School & JACKSONVILLE HIGH SCHOOL,FALSE,,,
5286,2014,Robotics Institute of Maine & THORNTON ACADEMY,FALSE,,,
5289,2014,Bloomberg Lp/Perishing Square Foundation & Graham Windham Beacon,FALSE,,,
5296,2014,James Fowler High School,FALSE,,,
5311,2014,SENA/Fundacion Global AC&T/Space Cookies & Global Foundation of Colombia,FALSE,,,
5320,2014,Texas Workforce Commission & LORENZO H S,FALSE,,,
5323,2014,SPAWAR / W E Curling / Dominion Power / A-Team Ship Repair & GREAT BRIDGE HIGH & GREAT BRIDGE HIGH & GREAT BRIDGE HIGH,FALSE,,,
5331,2014,BAE Systems/Google/Rockwell Automation/National Instruments/Telstra/CSIRO/AArnet & Macquarie University,FALSE,,,
5333,2014,"Roy Hill / Curtin Engineering Outreach / Government of Western Australia, Department of Education, School Pathways Program & Curtin University",FALSE,,,
5346,2014,Neighborhood Group/BATC/ATK Propulsion Systems/Ford Dealership/Browz,FALSE,,,
5349,2014,"Troop 709 Caughdenoy, NY",FALSE,,,
